datetime,open,high,low,close,volume
2026-04-17T00:00:00+00:00,173.05100000000016,173.46400000000014,171.52100000000016,172.52000000000015,271520
2026-04-20T00:00:00+00:00,172.52000000000015,172.98700000000017,172.33600000000015,172.59100000000015,232021
2026-04-21T00:00:00+00:00,172.59100000000015,173.42400000000015,172.49300000000017,173.10800000000015,225332
2026-04-22T00:00:00+00:00,173.10800000000015,173.35900000000015,172.88600000000017,173.22300000000016,203015
2026-04-23T00:00:00+00:00,173.22300000000016,173.63200000000015,173.08000000000015,173.43200000000016,491226
2026-04-24T00:00:00+00:00,173.43200000000016,173.62600000000015,173.08000000000015,173.08300000000017,200999
2026-04-27T00:00:00+00:00,173.08300000000017,173.12500000000017,172.62100000000018,172.9380000000002,160278
2026-04-28T00:00:00+00:00,172.9380000000002,173.31500000000017,172.4860000000002,173.13900000000018,208522
2026-04-29T00:00:00+00:00,173.13900000000018,174.00100000000018,173.01800000000017,173.9630000000002,229960
2026-04-30T00:00:00+00:00,173.9630000000002,174.25200000000018,169.0630000000002,170.12000000000018,1069694
2026-05-01T00:00:00+00:00,170.12000000000018,170.8560000000002,169.0170000000002,170.5450000000002,322759
2026-05-04T00:00:00+00:00,170.5450000000002,171.0970000000002,169.4800000000002,171.0110000000002,336839
2026-05-05T00:00:00+00:00,171.0110000000002,171.7130000000002,170.8690000000002,171.66500000000022,189350
2026-05-06T00:00:00+00:00,171.66500000000022,171.7280000000002,168.8180000000002,170.1220000000002,477547
2026-05-07T00:00:00+00:00,170.1220000000002,170.74800000000022,169.8160000000002,170.6670000000002,238875
2026-05-08T00:00:00+00:00,170.6670000000002,170.7820000000002,170.2250000000002,170.4410000000002,186667
2026-05-11T00:00:00+00:00,170.4410000000002,171.1930000000002,170.4410000000002,171.05700000000022,137972
2026-05-12T00:00:00+00:00,171.05700000000022,171.6850000000002,170.6340000000002,171.53600000000023,181861
2026-05-13T00:00:00+00:00,171.53600000000023,171.8460000000002,171.4590000000002,171.76800000000023,129604
2026-05-14T00:00:00+00:00,171.76800000000023,172.3420000000002,171.20600000000022,172.2820000000002,199637
2026-05-15T00:00:00+00:00,172.2820000000002,172.7630000000002,172.17700000000022,172.6380000000002,250774
2026-05-18T00:00:00+00:00,172.6380000000002,173.0010000000002,172.5320000000002,172.70600000000022,246009
2026-05-19T00:00:00+00:00,172.70600000000022,173.17100000000022,172.56300000000022,172.9960000000002,220312
2026-05-20T00:00:00+00:00,172.9960000000002,173.08900000000023,172.5070000000002,172.8240000000002,254231
2026-05-21T00:00:00+00:00,172.8240000000002,173.2630000000002,172.72000000000023,172.8460000000002,239658
2026-05-22T00:00:00+00:00,172.8460000000002,173.1540000000002,172.7910000000002,173.0960000000002,164890
2026-05-25T00:00:00+00:00,173.0960000000002,173.39100000000022,173.0960000000002,173.2280000000002,86721
2026-05-26T00:00:00+00:00,173.2280000000002,173.73100000000022,173.15900000000022,173.64100000000022,122291
2026-05-27T00:00:00+00:00,173.64100000000022,173.9290000000002,173.5260000000002,173.8480000000002,143457
2026-05-28T00:00:00+00:00,173.8480000000002,174.0020000000002,173.4600000000002,173.5800000000002,379878
2026-05-29T00:00:00+00:00,173.5800000000002,173.72600000000023,173.44500000000022,173.5800000000002,166753
2026-06-01T00:00:00+00:00,173.5800000000002,173.9910000000002,173.5180000000002,173.8820000000002,181734
2026-06-02T00:00:00+00:00,173.8820000000002,174.21200000000022,173.7930000000002,174.1320000000002,121198
2026-06-03T00:00:00+00:00,174.1320000000002,174.3150000000002,173.5900000000002,174.2880000000002,174996
2026-06-04T00:00:00+00:00,174.2880000000002,174.30100000000022,173.81300000000022,174.23600000000022,347938
2026-06-05T00:00:00+00:00,174.23600000000022,174.5650000000002,173.93300000000022,174.50400000000022,184553
2026-06-08T00:00:00+00:00,174.50400000000022,174.70600000000022,174.15300000000022,174.48700000000022,206495
2026-06-09T00:00:00+00:00,174.48700000000022,174.76100000000022,174.36800000000022,174.6630000000002,161563
2026-06-10T00:00:00+00:00,174.6630000000002,174.8870000000002,174.55200000000022,174.8510000000002,154556
2026-06-11T00:00:00+00:00,174.8510000000002,174.90900000000022,173.8480000000002,174.18300000000022,284794
2026-06-12T00:00:00+00:00,174.18300000000022,174.69000000000023,174.17000000000021,174.5080000000002,209404
2026-06-15T00:00:00+00:00,174.5080000000002,174.85000000000022,174.18500000000023,174.77300000000022,137185
2026-06-16T00:00:00+00:00,174.77300000000022,174.93500000000023,174.5020000000002,174.82700000000023,153071
2026-06-17T00:00:00+00:00,174.82700000000023,175.24900000000022,174.57000000000022,175.07700000000023,175410
2026-06-18T00:00:00+00:00,175.07700000000023,176.26100000000022,174.92300000000023,175.82100000000023,432994
2026-06-19T00:00:00+00:00,175.82100000000023,175.91100000000023,175.44100000000023,175.6990000000002,166404
2026-06-22T00:00:00+00:00,175.6990000000002,176.40300000000022,175.54700000000022,176.0380000000002,220847
2026-06-23T00:00:00+00:00,176.0380000000002,176.21800000000022,175.74200000000022,176.04500000000021,180540
2026-06-24T00:00:00+00:00,176.04500000000021,176.31600000000023,175.92700000000022,176.25400000000022,146541
2026-06-25T00:00:00+00:00,176.25400000000022,176.4250000000002,176.0320000000002,176.2580000000002,310314
2026-06-26T00:00:00+00:00,176.2580000000002,176.32600000000022,176.0090000000002,176.16800000000023,136609
2026-06-29T00:00:00+00:00,176.16800000000023,176.44000000000023,176.16300000000024,176.38800000000023,104721
2026-06-30T00:00:00+00:00,176.38800000000023,177.13100000000023,176.31300000000022,176.97800000000024,174401
2026-07-01T00:00:00+00:00,176.97800000000024,177.29700000000022,176.75500000000022,177.02900000000022,152012
2026-07-02T00:00:00+00:00,177.02900000000022,177.05700000000022,175.07900000000024,175.55600000000024,693102
2026-07-03T00:00:00+00:00,175.55600000000024,175.98000000000022,174.93800000000022,175.78500000000022,200540
2026-07-06T00:00:00+00:00,175.78500000000022,176.9530000000002,175.76600000000022,176.60100000000023,181360
2026-07-07T00:00:00+00:00,176.60100000000023,176.7090000000002,176.1800000000002,176.60600000000022,183206
2026-07-08T00:00:00+00:00,176.60600000000022,177.23800000000023,176.5490000000002,177.10600000000022,196214
2026-07-09T00:00:00+00:00,177.10600000000022,177.13600000000022,176.7750000000002,176.8770000000002,258116
2026-07-10T00:00:00+00:00,176.8770000000002,176.9530000000002,175.80900000000022,176.1920000000002,267623
2026-07-13T00:00:00+00:00,176.1920000000002,176.97400000000022,176.10700000000023,176.9180000000002,285957
2026-07-14T00:00:00+00:00,176.9180000000002,176.95700000000022,176.08200000000022,176.72500000000022,270069
2026-07-15T00:00:00+00:00,176.72500000000022,176.90900000000022,176.38000000000022,176.6610000000002,192874
2026-07-16T00:00:00+00:00,176.6610000000002,177.03400000000022,176.4670000000002,176.86900000000023,339600
2026-07-17T00:00:00+00:00,176.86900000000023,177.0060000000002,176.6100000000002,176.84300000000022,163566
2026-07-20T00:00:00+00:00,176.84300000000022,177.04200000000023,176.64200000000022,176.92400000000023,139837
2026-07-21T00:00:00+00:00,176.92400000000023,177.68100000000024,176.87500000000023,177.59200000000024,129787
2026-07-22T00:00:00+00:00,177.59200000000024,177.67100000000022,177.10800000000023,177.58100000000022,143579
2026-07-23T00:00:00+00:00,177.58100000000022,178.43000000000023,177.43500000000023,178.27400000000023,332424
2026-07-24T00:00:00+00:00,178.27400000000023,178.38000000000022,178.08500000000024,178.26700000000022,141842
2026-07-27T00:00:00+00:00,178.26700000000022,178.48200000000023,178.01300000000023,178.40400000000022,149591
2026-07-28T00:00:00+00:00,178.40400000000022,178.63600000000022,178.33000000000024,178.53000000000023,121124
2026-07-29T00:00:00+00:00,178.53000000000023,178.59100000000024,177.91600000000022,178.07700000000023,198526
2026-07-30T00:00:00+00:00,178.07700000000023,178.42600000000024,172.64100000000025,174.18300000000025,506488
2026-07-31T00:00:00+00:00,174.18300000000025,175.56200000000027,173.22400000000025,174.11800000000025,401956
